timestamp,src_ip,dest_ip,protocol,packet_size,port_number
2024-09-03 01:05:01.929158,192.168.1.70,10.0.0.90,UDP,1215,23290
2024-09-03 01:04:51.929158,192.168.1.72,10.0.0.108,UDP,795,28315
2024-09-03 01:04:41.929158,192.168.1.93,10.0.0.237,UDP,729,47080
2024-09-03 01:04:31.929158,192.168.1.134,10.0.0.241,TCP,192,32795
2024-09-03 01:04:21.929158,192.168.1.172,10.0.0.41,UDP,1048,40687
2024-09-03 01:04:11.929158,192.168.1.24,10.0.0.108,UDP,561,56425
2024-09-03 01:04:01.929158,192.168.1.13,10.0.0.134,TCP,1076,46616
2024-09-03 01:03:51.929158,192.168.1.243,10.0.0.78,UDP,1313,62045
2024-09-03 01:03:41.929158,192.168.1.198,10.0.0.187,UDP,619,49538
2024-09-03 01:03:31.929158,192.168.1.203,10.0.0.129,UDP,1249,19309
2024-09-03 01:03:21.929158,192.168.1.205,10.0.0.93,TCP,319,43696
2024-09-03 01:03:11.929158,192.168.1.45,10.0.0.206,TCP,1310,55907
2024-09-03 01:03:01.929158,192.168.1.19,10.0.0.152,TCP,1269,2074
2024-09-03 01:02:51.929158,192.168.1.109,10.0.0.127,TCP,755,36899
2024-09-03 01:02:41.929158,192.168.1.79,10.0.0.193,TCP,1470,60443
2024-09-03 01:02:31.929158,192.168.1.116,10.0.0.23,TCP,539,24605
2024-09-03 01:02:21.929158,192.168.1.255,10.0.0.111,TCP,1315,20279
2024-09-03 01:02:11.929158,192.168.1.44,10.0.0.4,TCP,1084,53763
2024-09-03 01:02:01.929158,192.168.1.56,10.0.0.18,TCP,1410,50335
2024-09-03 01:01:51.929158,192.168.1.57,10.0.0.200,UDP,1215,47779
2024-09-03 01:01:41.929158,192.168.1.80,10.0.0.107,UDP,1232,30552
2024-09-03 01:01:31.929158,192.168.1.2,10.0.0.145,UDP,850,47570
2024-09-03 01:01:21.929158,192.168.1.11,10.0.0.130,UDP,1473,58311
2024-09-03 01:01:11.929158,192.168.1.245,10.0.0.254,UDP,283,65527
2024-09-03 01:01:01.929158,192.168.1.191,10.0.0.215,TCP,474,13765
2024-09-03 01:00:51.929158,192.168.1.57,10.0.0.93,UDP,754,31491
2024-09-03 01:00:41.929158,192.168.1.129,10.0.0.13,UDP,219,47728
2024-09-03 01:00:31.929158,192.168.1.247,10.0.0.202,TCP,768,13350
2024-09-03 01:00:21.929158,192.168.1.113,10.0.0.185,TCP,916,46371
2024-09-03 01:00:11.929158,192.168.1.221,10.0.0.97,UDP,425,45150
2024-09-03 01:00:01.929158,192.168.1.172,10.0.0.154,TCP,1258,47223
2024-09-03 00:59:51.929158,192.168.1.109,10.0.0.56,UDP,451,29367
2024-09-03 00:59:41.929158,192.168.1.26,10.0.0.35,UDP,1218,5300
2024-09-03 00:59:31.929158,192.168.1.225,10.0.0.118,TCP,1056,42515
2024-09-03 00:59:21.929158,192.168.1.27,10.0.0.212,TCP,1055,12198
2024-09-03 00:59:11.929158,192.168.1.48,10.0.0.91,TCP,1283,7517
2024-09-03 00:59:01.929158,192.168.1.89,10.0.0.152,UDP,1103,30739
2024-09-03 00:58:51.929158,192.168.1.8,10.0.0.189,UDP,919,43494
2024-09-03 00:58:41.929158,192.168.1.111,10.0.0.87,UDP,1290,57392
2024-09-03 00:58:31.929158,192.168.1.217,10.0.0.158,TCP,709,57988
2024-09-03 00:58:21.929158,192.168.1.94,10.0.0.153,TCP,560,2405
2024-09-03 00:58:11.929158,192.168.1.171,10.0.0.199,TCP,1041,37729
2024-09-03 00:58:01.929158,192.168.1.78,10.0.0.188,TCP,1404,61666
2024-09-03 00:57:51.929158,192.168.1.73,10.0.0.123,UDP,793,7752
2024-09-03 00:57:41.929158,192.168.1.149,10.0.0.7,TCP,1110,19262
2024-09-03 00:57:31.929158,192.168.1.57,10.0.0.64,UDP,1489,50187
2024-09-03 00:57:21.929158,192.168.1.1,10.0.0.200,UDP,351,37334
2024-09-03 00:57:11.929158,192.168.1.166,10.0.0.171,UDP,558,60548
2024-09-03 00:57:01.929158,192.168.1.67,10.0.0.47,TCP,952,30583
2024-09-03 00:56:51.929158,192.168.1.81,10.0.0.16,TCP,321,44121
2024-09-03 00:56:41.929158,192.168.1.55,10.0.0.152,TCP,176,12690
2024-09-03 00:56:31.929158,192.168.1.216,10.0.0.102,TCP,588,36183
2024-09-03 00:56:21.929158,192.168.1.164,10.0.0.24,TCP,1251,54973
2024-09-03 00:56:11.929158,192.168.1.38,10.0.0.152,TCP,599,20259
2024-09-03 00:56:01.929158,192.168.1.195,10.0.0.106,TCP,126,56565
2024-09-03 00:55:51.929158,192.168.1.23,10.0.0.47,UDP,621,8959
2024-09-03 00:55:41.929158,192.168.1.151,10.0.0.52,UDP,89,34062
2024-09-03 00:55:31.929158,192.168.1.194,10.0.0.238,UDP,1168,12049
2024-09-03 00:55:21.929158,192.168.1.191,10.0.0.92,UDP,1450,53010
2024-09-03 00:55:11.929158,192.168.1.213,10.0.0.82,UDP,397,6867
2024-09-03 00:55:01.929158,192.168.1.109,10.0.0.154,TCP,1207,60897
2024-09-03 00:54:51.929158,192.168.1.143,10.0.0.112,UDP,547,18664
2024-09-03 00:54:41.929158,192.168.1.54,10.0.0.53,UDP,385,35519
2024-09-03 00:54:31.929158,192.168.1.14,10.0.0.43,TCP,285,20591
2024-09-03 00:54:21.929158,192.168.1.203,10.0.0.108,UDP,851,10144
2024-09-03 00:54:11.929158,192.168.1.28,10.0.0.93,TCP,478,38100
2024-09-03 00:54:01.929158,192.168.1.210,10.0.0.161,TCP,1218,24263
2024-09-03 00:53:51.929158,192.168.1.12,10.0.0.94,TCP,1129,10438
2024-09-03 00:53:41.929158,192.168.1.155,10.0.0.79,UDP,1277,16340
2024-09-03 00:53:31.929158,192.168.1.192,10.0.0.31,UDP,342,37095
2024-09-03 00:53:21.929158,192.168.1.143,10.0.0.85,UDP,1414,37919
2024-09-03 00:53:11.929158,192.168.1.102,10.0.0.40,TCP,350,38851
2024-09-03 00:53:01.929158,192.168.1.90,10.0.0.152,TCP,71,63811
2024-09-03 00:52:51.929158,192.168.1.103,10.0.0.4,UDP,454,43748
2024-09-03 00:52:41.929158,192.168.1.153,10.0.0.110,TCP,685,48945
2024-09-03 00:52:31.929158,192.168.1.167,10.0.0.74,UDP,376,58167
2024-09-03 00:52:21.929158,192.168.1.84,10.0.0.215,UDP,1298,41888
2024-09-03 00:52:11.929158,192.168.1.169,10.0.0.49,UDP,1107,32449
2024-09-03 00:52:01.929158,192.168.1.22,10.0.0.251,UDP,384,42804
2024-09-03 00:51:51.929158,192.168.1.4,10.0.0.24,UDP,930,48257
2024-09-03 00:51:41.929158,192.168.1.35,10.0.0.86,UDP,1073,52099
2024-09-03 00:51:31.929158,192.168.1.80,10.0.0.59,UDP,116,32218
2024-09-03 00:51:21.929158,192.168.1.25,10.0.0.202,TCP,852,19856
2024-09-03 00:51:11.929158,192.168.1.148,10.0.0.71,UDP,1384,33726
2024-09-03 00:51:01.929158,192.168.1.64,10.0.0.59,UDP,498,26863
2024-09-03 00:50:51.929158,192.168.1.154,10.0.0.96,TCP,945,31965
2024-09-03 00:50:41.929158,192.168.1.38,10.0.0.223,UDP,61,60722
2024-09-03 00:50:31.929158,192.168.1.215,10.0.0.6,UDP,1221,43376
2024-09-03 00:50:21.929158,192.168.1.98,10.0.0.41,TCP,312,22797
2024-09-03 00:50:11.929158,192.168.1.165,10.0.0.187,UDP,1347,8320
2024-09-03 00:50:01.929158,192.168.1.103,10.0.0.84,UDP,803,63539
2024-09-03 00:49:51.929158,192.168.1.134,10.0.0.240,TCP,160,36619
2024-09-03 00:49:41.929158,192.168.1.230,10.0.0.30,TCP,1408,45352
2024-09-03 00:49:31.929158,192.168.1.100,10.0.0.29,UDP,779,52687
2024-09-03 00:49:21.929158,192.168.1.13,10.0.0.85,UDP,841,2331
2024-09-03 00:49:11.929158,192.168.1.117,10.0.0.55,TCP,414,33072
2024-09-03 00:49:01.929158,192.168.1.144,10.0.0.66,UDP,1229,35673
2024-09-03 00:48:51.929158,192.168.1.254,10.0.0.64,UDP,1186,56289
2024-09-03 00:48:41.929158,192.168.1.28,10.0.0.34,UDP,1398,26014
2024-09-03 00:48:31.929158,192.168.1.14,10.0.0.180,TCP,613,33023
2024-09-03 00:48:21.929158,192.168.1.198,10.0.0.242,TCP,1395,61870
2024-09-03 00:48:11.929158,192.168.1.119,10.0.0.7,UDP,57,31948
2024-09-03 00:48:01.929158,192.168.1.185,10.0.0.118,TCP,80,63171
2024-09-03 00:47:51.929158,192.168.1.138,10.0.0.195,UDP,484,12828
2024-09-03 00:47:41.929158,192.168.1.215,10.0.0.73,UDP,227,6516
2024-09-03 00:47:31.929158,192.168.1.153,10.0.0.63,TCP,57,1081
2024-09-03 00:47:21.929158,192.168.1.47,10.0.0.17,UDP,613,22481
2024-09-03 00:47:11.929158,192.168.1.198,10.0.0.193,TCP,681,28993
2024-09-03 00:47:01.929158,192.168.1.113,10.0.0.35,UDP,393,15728
2024-09-03 00:46:51.929158,192.168.1.170,10.0.0.25,TCP,783,37287
2024-09-03 00:46:41.929158,192.168.1.17,10.0.0.196,UDP,1413,39633
2024-09-03 00:46:31.929158,192.168.1.14,10.0.0.189,UDP,241,37240
2024-09-03 00:46:21.929158,192.168.1.97,10.0.0.8,UDP,258,64624
2024-09-03 00:46:11.929158,192.168.1.162,10.0.0.169,TCP,1389,58790
2024-09-03 00:46:01.929158,192.168.1.243,10.0.0.190,TCP,1024,41031
2024-09-03 00:45:51.929158,192.168.1.236,10.0.0.54,TCP,1295,31674
2024-09-03 00:45:41.929158,192.168.1.7,10.0.0.113,UDP,612,20581
2024-09-03 00:45:31.929158,192.168.1.139,10.0.0.186,UDP,1146,2589
2024-09-03 00:45:21.929158,192.168.1.75,10.0.0.52,UDP,1044,63715
2024-09-03 00:45:11.929158,192.168.1.46,10.0.0.189,TCP,1004,15530
2024-09-03 00:45:01.929158,192.168.1.235,10.0.0.70,TCP,651,23754
2024-09-03 00:44:51.929158,192.168.1.66,10.0.0.158,UDP,612,63617
2024-09-03 00:44:41.929158,192.168.1.1,10.0.0.217,UDP,1072,55827
2024-09-03 00:44:31.929158,192.168.1.44,10.0.0.204,TCP,1283,19579
2024-09-03 00:44:21.929158,192.168.1.107,10.0.0.74,TCP,222,37664
2024-09-03 00:44:11.929158,192.168.1.240,10.0.0.133,UDP,1152,24208
2024-09-03 00:44:01.929158,192.168.1.121,10.0.0.104,TCP,1069,59751
2024-09-03 00:43:51.929158,192.168.1.26,10.0.0.57,UDP,1132,8300
2024-09-03 00:43:41.929158,192.168.1.46,10.0.0.204,UDP,1258,61429
2024-09-03 00:43:31.929158,192.168.1.145,10.0.0.66,TCP,1205,17623
2024-09-03 00:43:21.929158,192.168.1.54,10.0.0.15,TCP,53,61114
2024-09-03 00:43:11.929158,192.168.1.179,10.0.0.132,UDP,1096,64980
2024-09-03 00:43:01.929158,192.168.1.100,10.0.0.14,UDP,1235,44179
2024-09-03 00:42:51.929158,192.168.1.201,10.0.0.51,UDP,527,37100
2024-09-03 00:42:41.929158,192.168.1.216,10.0.0.132,UDP,445,61022
2024-09-03 00:42:31.929158,192.168.1.168,10.0.0.115,TCP,1250,37586
2024-09-03 00:42:21.929158,192.168.1.63,10.0.0.111,TCP,424,25317
2024-09-03 00:42:11.929158,192.168.1.13,10.0.0.248,UDP,627,46304
2024-09-03 00:42:01.929158,192.168.1.215,10.0.0.132,UDP,327,38551
2024-09-03 00:41:51.929158,192.168.1.105,10.0.0.76,TCP,667,11700
2024-09-03 00:41:41.929158,192.168.1.22,10.0.0.9,UDP,562,64853
2024-09-03 00:41:31.929158,192.168.1.202,10.0.0.50,UDP,942,49829
2024-09-03 00:41:21.929158,192.168.1.136,10.0.0.245,TCP,83,26626
2024-09-03 00:41:11.929158,192.168.1.113,10.0.0.171,UDP,220,17519
2024-09-03 00:41:01.929158,192.168.1.168,10.0.0.194,UDP,1088,63697
2024-09-03 00:40:51.929158,192.168.1.144,10.0.0.193,TCP,746,61369
2024-09-03 00:40:41.929158,192.168.1.149,10.0.0.206,UDP,683,2320
2024-09-03 00:40:31.929158,192.168.1.144,10.0.0.25,UDP,1087,43870
2024-09-03 00:40:21.929158,192.168.1.239,10.0.0.76,TCP,280,30781
2024-09-03 00:40:11.929158,192.168.1.10,10.0.0.30,UDP,351,9225
2024-09-03 00:40:01.929158,192.168.1.25,10.0.0.222,TCP,1026,28969
2024-09-03 00:39:51.929158,192.168.1.187,10.0.0.33,TCP,156,57517
2024-09-03 00:39:41.929158,192.168.1.172,10.0.0.151,TCP,1463,60805
2024-09-03 00:39:31.929158,192.168.1.243,10.0.0.98,TCP,953,14852
2024-09-03 00:39:21.929158,192.168.1.154,10.0.0.221,UDP,1446,30108
2024-09-03 00:39:11.929158,192.168.1.109,10.0.0.40,TCP,412,31733
2024-09-03 00:39:01.929158,192.168.1.116,10.0.0.217,UDP,343,2031
2024-09-03 00:38:51.929158,192.168.1.207,10.0.0.108,UDP,58,36252
2024-09-03 00:38:41.929158,192.168.1.238,10.0.0.99,UDP,468,47744
2024-09-03 00:38:31.929158,192.168.1.203,10.0.0.113,UDP,251,31219
2024-09-03 00:38:21.929158,192.168.1.61,10.0.0.144,UDP,347,27135
2024-09-03 00:38:11.929158,192.168.1.214,10.0.0.204,UDP,491,43576
2024-09-03 00:38:01.929158,192.168.1.158,10.0.0.151,TCP,702,44710
2024-09-03 00:37:51.929158,192.168.1.214,10.0.0.196,TCP,1096,26096
2024-09-03 00:37:41.929158,192.168.1.117,10.0.0.55,TCP,1197,47294
2024-09-03 00:37:31.929158,192.168.1.113,10.0.0.71,UDP,722,13478
2024-09-03 00:37:21.929158,192.168.1.219,10.0.0.147,TCP,188,35077
2024-09-03 00:37:11.929158,192.168.1.227,10.0.0.42,TCP,1494,50049
2024-09-03 00:37:01.929158,192.168.1.148,10.0.0.109,UDP,1421,65288
2024-09-03 00:36:51.929158,192.168.1.130,10.0.0.201,UDP,314,34639
2024-09-03 00:36:41.929158,192.168.1.234,10.0.0.156,TCP,298,58330
2024-09-03 00:36:31.929158,192.168.1.94,10.0.0.110,UDP,569,52771
2024-09-03 00:36:21.929158,192.168.1.35,10.0.0.244,TCP,771,5793
2024-09-03 00:36:11.929158,192.168.1.167,10.0.0.49,TCP,117,143
2024-09-03 00:36:01.929158,192.168.1.22,10.0.0.60,TCP,218,23500
2024-09-03 00:35:51.929158,192.168.1.103,10.0.0.117,TCP,199,59238
2024-09-03 00:35:41.929158,192.168.1.14,10.0.0.93,UDP,690,48460
2024-09-03 00:35:31.929158,192.168.1.143,10.0.0.112,UDP,1083,3095
2024-09-03 00:35:21.929158,192.168.1.134,10.0.0.203,UDP,1251,1875
2024-09-03 00:35:11.929158,192.168.1.228,10.0.0.77,UDP,154,44412
2024-09-03 00:35:01.929158,192.168.1.38,10.0.0.57,UDP,311,3445
2024-09-03 00:34:51.929158,192.168.1.193,10.0.0.216,UDP,1224,8518
2024-09-03 00:34:41.929158,192.168.1.153,10.0.0.245,TCP,613,57110
2024-09-03 00:34:31.929158,192.168.1.103,10.0.0.248,UDP,845,31433
2024-09-03 00:34:21.929158,192.168.1.210,10.0.0.107,TCP,1409,39737
2024-09-03 00:34:11.929158,192.168.1.162,10.0.0.141,TCP,312,63522
2024-09-03 00:34:01.929158,192.168.1.84,10.0.0.218,TCP,168,7767
2024-09-03 00:33:51.929158,192.168.1.140,10.0.0.125,UDP,1000,36064
2024-09-03 00:33:41.929158,192.168.1.201,10.0.0.94,UDP,986,2890
2024-09-03 00:33:31.929158,192.168.1.236,10.0.0.49,TCP,409,7607
2024-09-03 00:33:21.929158,192.168.1.90,10.0.0.234,TCP,1315,36622
2024-09-03 00:33:11.929158,192.168.1.111,10.0.0.112,TCP,532,63230
2024-09-03 00:33:01.929158,192.168.1.177,10.0.0.163,UDP,1404,62250
2024-09-03 00:32:51.929158,192.168.1.142,10.0.0.253,UDP,1362,17273
2024-09-03 00:32:41.929158,192.168.1.142,10.0.0.182,TCP,713,50184
2024-09-03 00:32:31.929158,192.168.1.132,10.0.0.174,UDP,1024,38259
2024-09-03 00:32:21.929158,192.168.1.102,10.0.0.93,UDP,957,10098
2024-09-03 00:32:11.929158,192.168.1.133,10.0.0.125,TCP,1486,44998
2024-09-03 00:32:01.929158,192.168.1.205,10.0.0.141,TCP,1138,16320
2024-09-03 00:31:51.929158,192.168.1.209,10.0.0.129,UDP,99,46161
2024-09-03 00:31:41.929158,192.168.1.74,10.0.0.255,TCP,1271,29235
2024-09-03 00:31:31.929158,192.168.1.39,10.0.0.47,UDP,170,2250
2024-09-03 00:31:21.929158,192.168.1.105,10.0.0.27,UDP,1229,19678
2024-09-03 00:31:11.929158,192.168.1.225,10.0.0.106,TCP,205,22035
2024-09-03 00:31:01.929158,192.168.1.167,10.0.0.74,UDP,1274,41339
2024-09-03 00:30:51.929158,192.168.1.253,10.0.0.118,TCP,1292,17682
2024-09-03 00:30:41.929158,192.168.1.27,10.0.0.106,TCP,460,24471
2024-09-03 00:30:31.929158,192.168.1.62,10.0.0.106,TCP,1177,17094
2024-09-03 00:30:21.929158,192.168.1.158,10.0.0.71,UDP,636,2472
2024-09-03 00:30:11.929158,192.168.1.239,10.0.0.205,TCP,300,35237
2024-09-03 00:30:01.929158,192.168.1.167,10.0.0.81,UDP,786,52413
2024-09-03 00:29:51.929158,192.168.1.23,10.0.0.180,UDP,733,58966
2024-09-03 00:29:41.929158,192.168.1.249,10.0.0.78,TCP,1458,3883
2024-09-03 00:29:31.929158,192.168.1.94,10.0.0.160,UDP,450,55714
2024-09-03 00:29:21.929158,192.168.1.35,10.0.0.5,UDP,706,16148
2024-09-03 00:29:11.929158,192.168.1.252,10.0.0.112,TCP,586,22731
2024-09-03 00:29:01.929158,192.168.1.149,10.0.0.231,UDP,871,46281
2024-09-03 00:28:51.929158,192.168.1.58,10.0.0.196,TCP,1272,41735
2024-09-03 00:28:41.929158,192.168.1.92,10.0.0.140,UDP,744,15891
2024-09-03 00:28:31.929158,192.168.1.17,10.0.0.42,UDP,778,34349
2024-09-03 00:28:21.929158,192.168.1.231,10.0.0.177,UDP,1402,5467
2024-09-03 00:28:11.929158,192.168.1.206,10.0.0.36,TCP,208,63389
2024-09-03 00:28:01.929158,192.168.1.174,10.0.0.142,TCP,1412,37099
2024-09-03 00:27:51.929158,192.168.1.106,10.0.0.128,TCP,57,37419
2024-09-03 00:27:41.929158,192.168.1.164,10.0.0.14,UDP,360,32667
2024-09-03 00:27:31.929158,192.168.1.157,10.0.0.72,TCP,569,40053
2024-09-03 00:27:21.929158,192.168.1.226,10.0.0.186,UDP,880,41740
2024-09-03 00:27:11.929158,192.168.1.3,10.0.0.253,UDP,467,57601
2024-09-03 00:27:01.929158,192.168.1.53,10.0.0.124,TCP,155,17035
2024-09-03 00:26:51.929158,192.168.1.46,10.0.0.146,UDP,105,53972
2024-09-03 00:26:41.929158,192.168.1.172,10.0.0.115,UDP,443,54833
2024-09-03 00:26:31.929158,192.168.1.165,10.0.0.203,TCP,472,64491
2024-09-03 00:26:21.929158,192.168.1.85,10.0.0.181,UDP,85,46284
2024-09-03 00:26:11.929158,192.168.1.25,10.0.0.2,TCP,102,35969
2024-09-03 00:26:01.929158,192.168.1.69,10.0.0.219,UDP,678,53269
2024-09-03 00:25:51.929158,192.168.1.222,10.0.0.88,UDP,1499,23855
2024-09-03 00:25:41.929158,192.168.1.31,10.0.0.156,UDP,258,57946
2024-09-03 00:25:31.929158,192.168.1.39,10.0.0.126,TCP,132,39839
2024-09-03 00:25:21.929158,192.168.1.217,10.0.0.75,UDP,651,35011
2024-09-03 00:25:11.929158,192.168.1.166,10.0.0.211,TCP,892,63206
2024-09-03 00:25:01.929158,192.168.1.122,10.0.0.165,TCP,909,2948
2024-09-03 00:24:51.929158,192.168.1.250,10.0.0.187,TCP,1072,36680
2024-09-03 00:24:41.929158,192.168.1.48,10.0.0.254,TCP,1144,61394
2024-09-03 00:24:31.929158,192.168.1.196,10.0.0.79,TCP,430,58959
2024-09-03 00:24:21.929158,192.168.1.43,10.0.0.106,UDP,1188,919
2024-09-03 00:24:11.929158,192.168.1.100,10.0.0.218,UDP,866,13949
2024-09-03 00:24:01.929158,192.168.1.82,10.0.0.18,TCP,429,52828
2024-09-03 00:23:51.929158,192.168.1.148,10.0.0.53,TCP,192,56851
2024-09-03 00:23:41.929158,192.168.1.138,10.0.0.28,UDP,455,28427
2024-09-03 00:23:31.929158,192.168.1.69,10.0.0.77,UDP,445,55127
2024-09-03 00:23:21.929158,192.168.1.28,10.0.0.56,TCP,364,34254
2024-09-03 00:23:11.929158,192.168.1.68,10.0.0.76,TCP,697,63064
2024-09-03 00:23:01.929158,192.168.1.36,10.0.0.62,UDP,732,60170
2024-09-03 00:22:51.929158,192.168.1.223,10.0.0.241,UDP,791,17237
2024-09-03 00:22:41.929158,192.168.1.95,10.0.0.91,TCP,1278,63710
2024-09-03 00:22:31.929158,192.168.1.171,10.0.0.59,TCP,644,47614
2024-09-03 00:22:21.929158,192.168.1.115,10.0.0.184,UDP,257,41774
2024-09-03 00:22:11.929158,192.168.1.70,10.0.0.95,TCP,818,52960
2024-09-03 00:22:01.929158,192.168.1.93,10.0.0.229,UDP,560,9531
2024-09-03 00:21:51.929158,192.168.1.53,10.0.0.107,UDP,1409,21694
2024-09-03 00:21:41.929158,192.168.1.138,10.0.0.166,UDP,1460,9712
2024-09-03 00:21:31.929158,192.168.1.40,10.0.0.132,TCP,506,13525
2024-09-03 00:21:21.929158,192.168.1.61,10.0.0.103,UDP,1106,26978
2024-09-03 00:21:11.929158,192.168.1.228,10.0.0.127,TCP,728,14970
2024-09-03 00:21:01.929158,192.168.1.250,10.0.0.224,TCP,1319,42134
2024-09-03 00:20:51.929158,192.168.1.13,10.0.0.221,TCP,224,17412
2024-09-03 00:20:41.929158,192.168.1.238,10.0.0.241,TCP,269,51588
2024-09-03 00:20:31.929158,192.168.1.43,10.0.0.251,TCP,176,15471
2024-09-03 00:20:21.929158,192.168.1.182,10.0.0.112,UDP,286,13619
2024-09-03 00:20:11.929158,192.168.1.198,10.0.0.109,TCP,491,17954
2024-09-03 00:20:01.929158,192.168.1.84,10.0.0.99,UDP,119,27267
2024-09-03 00:19:51.929158,192.168.1.100,10.0.0.4,UDP,1365,49941
2024-09-03 00:19:41.929158,192.168.1.42,10.0.0.248,UDP,996,27488
2024-09-03 00:19:31.929158,192.168.1.9,10.0.0.7,UDP,373,10384
2024-09-03 00:19:21.929158,192.168.1.101,10.0.0.38,TCP,760,46144
2024-09-03 00:19:11.929158,192.168.1.60,10.0.0.175,UDP,1487,55706
2024-09-03 00:19:01.929158,192.168.1.15,10.0.0.81,UDP,1271,13002
2024-09-03 00:18:51.929158,192.168.1.161,10.0.0.202,TCP,169,18625
2024-09-03 00:18:41.929158,192.168.1.133,10.0.0.32,TCP,1034,954
2024-09-03 00:18:31.929158,192.168.1.220,10.0.0.98,UDP,1196,60769
2024-09-03 00:18:21.929158,192.168.1.236,10.0.0.150,UDP,1179,53318
2024-09-03 00:18:11.929158,192.168.1.231,10.0.0.237,TCP,641,23806
2024-09-03 00:18:01.929158,192.168.1.164,10.0.0.109,TCP,1050,45169
2024-09-03 00:17:51.929158,192.168.1.115,10.0.0.109,TCP,921,63411
2024-09-03 00:17:41.929158,192.168.1.151,10.0.0.120,UDP,564,62713
2024-09-03 00:17:31.929158,192.168.1.130,10.0.0.203,TCP,665,31029
2024-09-03 00:17:21.929158,192.168.1.152,10.0.0.124,TCP,1038,5964
2024-09-03 00:17:11.929158,192.168.1.21,10.0.0.140,TCP,737,24392
2024-09-03 00:17:01.929158,192.168.1.38,10.0.0.80,TCP,1380,26133
2024-09-03 00:16:51.929158,192.168.1.12,10.0.0.73,TCP,1222,10102
2024-09-03 00:16:41.929158,192.168.1.82,10.0.0.223,TCP,675,45881
2024-09-03 00:16:31.929158,192.168.1.184,10.0.0.69,UDP,876,7600
2024-09-03 00:16:21.929158,192.168.1.242,10.0.0.165,TCP,492,34378
2024-09-03 00:16:11.929158,192.168.1.83,10.0.0.112,TCP,157,57827
2024-09-03 00:16:01.929158,192.168.1.137,10.0.0.124,TCP,1489,34190
2024-09-03 00:15:51.929158,192.168.1.100,10.0.0.211,UDP,848,47653
2024-09-03 00:15:41.929158,192.168.1.76,10.0.0.215,TCP,740,12531
2024-09-03 00:15:31.929158,192.168.1.94,10.0.0.102,UDP,1063,15756
2024-09-03 00:15:21.929158,192.168.1.59,10.0.0.195,TCP,1002,30926
2024-09-03 00:15:11.929158,192.168.1.198,10.0.0.212,TCP,770,18331
2024-09-03 00:15:01.929158,192.168.1.230,10.0.0.113,TCP,702,31271
2024-09-03 00:14:51.929158,192.168.1.80,10.0.0.198,UDP,1452,746
2024-09-03 00:14:41.929158,192.168.1.182,10.0.0.123,TCP,1269,5876
2024-09-03 00:14:31.929158,192.168.1.220,10.0.0.157,TCP,74,62916
2024-09-03 00:14:21.929158,192.168.1.76,10.0.0.102,TCP,694,55828
2024-09-03 00:14:11.929158,192.168.1.184,10.0.0.222,TCP,1243,25448
2024-09-03 00:14:01.929158,192.168.1.110,10.0.0.48,UDP,1445,22958
2024-09-03 00:13:51.929158,192.168.1.226,10.0.0.168,UDP,1098,38474
2024-09-03 00:13:41.929158,192.168.1.201,10.0.0.228,UDP,502,15303
2024-09-03 00:13:31.929158,192.168.1.100,10.0.0.170,UDP,525,60806
2024-09-03 00:13:21.929158,192.168.1.39,10.0.0.207,UDP,177,27794
2024-09-03 00:13:11.929158,192.168.1.248,10.0.0.35,TCP,867,52639
2024-09-03 00:13:01.929158,192.168.1.202,10.0.0.97,TCP,1242,50145
2024-09-03 00:12:51.929158,192.168.1.132,10.0.0.225,UDP,320,11225
2024-09-03 00:12:41.929158,192.168.1.159,10.0.0.206,TCP,1452,34495
2024-09-03 00:12:31.929158,192.168.1.116,10.0.0.151,TCP,576,27385
2024-09-03 00:12:21.929158,192.168.1.175,10.0.0.241,UDP,202,30997
2024-09-03 00:12:11.929158,192.168.1.214,10.0.0.183,UDP,638,38134
2024-09-03 00:12:01.929158,192.168.1.222,10.0.0.150,UDP,1274,60091
2024-09-03 00:11:51.929158,192.168.1.255,10.0.0.242,UDP,1119,53735
2024-09-03 00:11:41.929158,192.168.1.60,10.0.0.38,TCP,672,19088
2024-09-03 00:11:31.929158,192.168.1.248,10.0.0.155,UDP,773,48849
2024-09-03 00:11:21.929158,192.168.1.176,10.0.0.59,UDP,133,13839
2024-09-03 00:11:11.929158,192.168.1.234,10.0.0.168,TCP,332,5825
2024-09-03 00:11:01.929158,192.168.1.193,10.0.0.174,UDP,344,40924
2024-09-03 00:10:51.929158,192.168.1.16,10.0.0.226,TCP,56,1058
2024-09-03 00:10:41.929158,192.168.1.69,10.0.0.233,UDP,1040,27130
2024-09-03 00:10:31.929158,192.168.1.67,10.0.0.90,UDP,72,25561
2024-09-03 00:10:21.929158,192.168.1.142,10.0.0.144,TCP,1201,64881
2024-09-03 00:10:11.929158,192.168.1.103,10.0.0.114,UDP,1278,58787
2024-09-03 00:10:01.929158,192.168.1.151,10.0.0.215,UDP,1130,33003
2024-09-03 00:09:51.929158,192.168.1.5,10.0.0.210,TCP,192,43623
2024-09-03 00:09:41.929158,192.168.1.182,10.0.0.222,UDP,164,14573
2024-09-03 00:09:31.929158,192.168.1.76,10.0.0.22,UDP,120,2658
2024-09-03 00:09:21.929158,192.168.1.33,10.0.0.195,UDP,536,52862
2024-09-03 00:09:11.929158,192.168.1.48,10.0.0.179,TCP,330,58414
2024-09-03 00:09:01.929158,192.168.1.15,10.0.0.18,TCP,418,31001
2024-09-03 00:08:51.929158,192.168.1.161,10.0.0.228,UDP,860,7733
2024-09-03 00:08:41.929158,192.168.1.206,10.0.0.210,UDP,469,15474
2024-09-03 00:08:31.929158,192.168.1.68,10.0.0.213,TCP,1013,666
2024-09-03 00:08:21.929158,192.168.1.195,10.0.0.218,UDP,1267,58938
2024-09-03 00:08:11.929158,192.168.1.193,10.0.0.44,TCP,1218,42543
2024-09-03 00:08:01.929158,192.168.1.54,10.0.0.255,TCP,1267,24437
2024-09-03 00:07:51.929158,192.168.1.58,10.0.0.37,UDP,1079,4570
2024-09-03 00:07:41.929158,192.168.1.124,10.0.0.195,TCP,763,887
2024-09-03 00:07:31.929158,192.168.1.96,10.0.0.175,TCP,1407,51619
2024-09-03 00:07:21.929158,192.168.1.95,10.0.0.111,TCP,1222,33585
2024-09-03 00:07:11.929158,192.168.1.144,10.0.0.246,TCP,945,45390
2024-09-03 00:07:01.929158,192.168.1.122,10.0.0.232,UDP,1004,1950
2024-09-03 00:06:51.929158,192.168.1.111,10.0.0.58,TCP,491,11012
2024-09-03 00:06:41.929158,192.168.1.91,10.0.0.22,UDP,46,36337
2024-09-03 00:06:31.929158,192.168.1.235,10.0.0.191,UDP,670,4291
2024-09-03 00:06:21.929158,192.168.1.65,10.0.0.70,TCP,1112,4706
2024-09-03 00:06:11.929158,192.168.1.53,10.0.0.168,TCP,1131,52473
2024-09-03 00:06:01.929158,192.168.1.114,10.0.0.158,UDP,1197,28663
2024-09-03 00:05:51.929158,192.168.1.238,10.0.0.186,UDP,399,51844
2024-09-03 00:05:41.929158,192.168.1.212,10.0.0.95,TCP,359,55881
2024-09-03 00:05:31.929158,192.168.1.102,10.0.0.159,UDP,977,8828
2024-09-03 00:05:21.929158,192.168.1.225,10.0.0.30,TCP,567,2699
2024-09-03 00:05:11.929158,192.168.1.106,10.0.0.51,UDP,993,54106
2024-09-03 00:05:01.929158,192.168.1.76,10.0.0.151,TCP,343,16197
2024-09-03 00:04:51.929158,192.168.1.224,10.0.0.34,TCP,855,4321
2024-09-03 00:04:41.929158,192.168.1.164,10.0.0.55,TCP,1122,21535
2024-09-03 00:04:31.929158,192.168.1.95,10.0.0.165,TCP,167,28030
2024-09-03 00:04:21.929158,192.168.1.214,10.0.0.62,TCP,994,36129
2024-09-03 00:04:11.929158,192.168.1.42,10.0.0.145,TCP,1226,8805
2024-09-03 00:04:01.929158,192.168.1.45,10.0.0.75,UDP,236,50501
2024-09-03 00:03:51.929158,192.168.1.83,10.0.0.153,TCP,460,3797
2024-09-03 00:03:41.929158,192.168.1.35,10.0.0.181,UDP,680,24720
2024-09-03 00:03:31.929158,192.168.1.178,10.0.0.12,UDP,1324,28041
2024-09-03 00:03:21.929158,192.168.1.68,10.0.0.106,TCP,579,51629
2024-09-03 00:03:11.929158,192.168.1.234,10.0.0.88,TCP,1212,56571
2024-09-03 00:03:01.929158,192.168.1.27,10.0.0.172,TCP,243,64751
2024-09-03 00:02:51.929158,192.168.1.141,10.0.0.248,TCP,540,63082
2024-09-03 00:02:41.929158,192.168.1.213,10.0.0.211,UDP,572,62092
2024-09-03 00:02:31.929158,192.168.1.185,10.0.0.240,UDP,1158,43227
2024-09-03 00:02:21.929158,192.168.1.30,10.0.0.50,UDP,952,53329
2024-09-03 00:02:11.929158,192.168.1.133,10.0.0.228,UDP,832,17785
2024-09-03 00:02:01.929158,192.168.1.37,10.0.0.96,TCP,467,23010
2024-09-03 00:01:51.929158,192.168.1.62,10.0.0.121,TCP,1359,63170
2024-09-03 00:01:41.929158,192.168.1.145,10.0.0.24,UDP,635,63797
2024-09-03 00:01:31.929158,192.168.1.100,10.0.0.227,TCP,1410,28027
2024-09-03 00:01:21.929158,192.168.1.20,10.0.0.199,UDP,858,57640
2024-09-03 00:01:11.929158,192.168.1.244,10.0.0.83,TCP,501,63495
2024-09-03 00:01:01.929158,192.168.1.229,10.0.0.149,UDP,867,34999
2024-09-03 00:00:51.929158,192.168.1.133,10.0.0.43,TCP,84,29782
2024-09-03 00:00:41.929158,192.168.1.230,10.0.0.226,UDP,276,9558
2024-09-03 00:00:31.929158,192.168.1.158,10.0.0.251,TCP,1050,34398
2024-09-03 00:00:21.929158,192.168.1.81,10.0.0.253,TCP,1010,22540
2024-09-03 00:00:11.929158,192.168.1.86,10.0.0.22,TCP,288,61385
2024-09-03 00:00:01.929158,192.168.1.15,10.0.0.253,TCP,1041,10949
2024-09-02 23:59:51.929158,192.168.1.53,10.0.0.167,TCP,926,11311
2024-09-02 23:59:41.929158,192.168.1.144,10.0.0.141,TCP,434,10910
2024-09-02 23:59:31.929158,192.168.1.207,10.0.0.252,TCP,1119,56854
2024-09-02 23:59:21.929158,192.168.1.121,10.0.0.105,UDP,424,64330
2024-09-02 23:59:11.929158,192.168.1.39,10.0.0.89,UDP,407,3145
2024-09-02 23:59:01.929158,192.168.1.127,10.0.0.178,TCP,861,44762
2024-09-02 23:58:51.929158,192.168.1.73,10.0.0.55,TCP,151,10296
2024-09-02 23:58:41.929158,192.168.1.188,10.0.0.171,TCP,975,10830
2024-09-02 23:58:31.929158,192.168.1.186,10.0.0.207,TCP,1430,53070
2024-09-02 23:58:21.929158,192.168.1.40,10.0.0.248,TCP,590,20612
2024-09-02 23:58:11.929158,192.168.1.29,10.0.0.148,TCP,894,43692
2024-09-02 23:58:01.929158,192.168.1.37,10.0.0.175,TCP,1399,58584
2024-09-02 23:57:51.929158,192.168.1.142,10.0.0.162,UDP,356,52074
2024-09-02 23:57:41.929158,192.168.1.185,10.0.0.215,TCP,155,48851
2024-09-02 23:57:31.929158,192.168.1.218,10.0.0.199,TCP,704,1672
2024-09-02 23:57:21.929158,192.168.1.97,10.0.0.96,TCP,1241,15732
2024-09-02 23:57:11.929158,192.168.1.182,10.0.0.30,TCP,961,8966
2024-09-02 23:57:01.929158,192.168.1.48,10.0.0.181,TCP,749,54249
2024-09-02 23:56:51.929158,192.168.1.36,10.0.0.230,UDP,915,60286
2024-09-02 23:56:41.929158,192.168.1.85,10.0.0.85,TCP,1367,46366
2024-09-02 23:56:31.929158,192.168.1.194,10.0.0.107,TCP,253,34929
2024-09-02 23:56:21.929158,192.168.1.44,10.0.0.12,UDP,1273,8815
2024-09-02 23:56:11.929158,192.168.1.25,10.0.0.153,TCP,803,62567
2024-09-02 23:56:01.929158,192.168.1.249,10.0.0.134,UDP,723,40229
2024-09-02 23:55:51.929158,192.168.1.158,10.0.0.242,UDP,1144,49935
2024-09-02 23:55:41.929158,192.168.1.63,10.0.0.11,TCP,217,58400
2024-09-02 23:55:31.929158,192.168.1.191,10.0.0.210,TCP,417,36722
2024-09-02 23:55:21.929158,192.168.1.199,10.0.0.83,UDP,1336,14296
2024-09-02 23:55:11.929158,192.168.1.45,10.0.0.215,TCP,960,26189
2024-09-02 23:55:01.929158,192.168.1.113,10.0.0.73,TCP,379,34499
2024-09-02 23:54:51.929158,192.168.1.63,10.0.0.16,TCP,590,16277
2024-09-02 23:54:41.929158,192.168.1.178,10.0.0.210,UDP,611,57276
2024-09-02 23:54:31.929158,192.168.1.7,10.0.0.127,TCP,1043,37453
2024-09-02 23:54:21.929158,192.168.1.1,10.0.0.212,TCP,71,55393
2024-09-02 23:54:11.929158,192.168.1.32,10.0.0.151,UDP,1305,47231
2024-09-02 23:54:01.929158,192.168.1.106,10.0.0.165,UDP,444,28386
2024-09-02 23:53:51.929158,192.168.1.57,10.0.0.202,TCP,463,37554
2024-09-02 23:53:41.929158,192.168.1.243,10.0.0.131,TCP,584,7525
2024-09-02 23:53:31.929158,192.168.1.162,10.0.0.183,UDP,82,14287
2024-09-02 23:53:21.929158,192.168.1.103,10.0.0.244,TCP,260,52671
2024-09-02 23:53:11.929158,192.168.1.131,10.0.0.120,UDP,878,46599
2024-09-02 23:53:01.929158,192.168.1.99,10.0.0.219,TCP,1415,19171
2024-09-02 23:52:51.929158,192.168.1.148,10.0.0.93,UDP,1238,62185
2024-09-02 23:52:41.929158,192.168.1.156,10.0.0.182,TCP,538,17109
2024-09-02 23:52:31.929158,192.168.1.134,10.0.0.124,UDP,1161,45195
2024-09-02 23:52:21.929158,192.168.1.188,10.0.0.66,UDP,1174,32060
2024-09-02 23:52:11.929158,192.168.1.90,10.0.0.171,TCP,679,57992
2024-09-02 23:52:01.929158,192.168.1.76,10.0.0.231,TCP,528,4539
2024-09-02 23:51:51.929158,192.168.1.190,10.0.0.50,TCP,1209,26887
2024-09-02 23:51:41.929158,192.168.1.58,10.0.0.92,UDP,1165,220
2024-09-02 23:51:31.929158,192.168.1.218,10.0.0.21,UDP,423,189
2024-09-02 23:51:21.929158,192.168.1.230,10.0.0.82,UDP,1188,38858
2024-09-02 23:51:11.929158,192.168.1.8,10.0.0.151,UDP,536,12439
2024-09-02 23:51:01.929158,192.168.1.186,10.0.0.169,TCP,915,53729
2024-09-02 23:50:51.929158,192.168.1.17,10.0.0.71,UDP,1036,12923
2024-09-02 23:50:41.929158,192.168.1.99,10.0.0.52,TCP,1420,29444
2024-09-02 23:50:31.929158,192.168.1.44,10.0.0.231,TCP,427,10545
2024-09-02 23:50:21.929158,192.168.1.124,10.0.0.235,TCP,1316,15778
2024-09-02 23:50:11.929158,192.168.1.83,10.0.0.255,UDP,1425,39383
2024-09-02 23:50:01.929158,192.168.1.191,10.0.0.177,TCP,1198,37147
2024-09-02 23:49:51.929158,192.168.1.78,10.0.0.152,TCP,1485,13848
2024-09-02 23:49:41.929158,192.168.1.121,10.0.0.9,TCP,841,33908
2024-09-02 23:49:31.929158,192.168.1.184,10.0.0.237,TCP,612,37622
2024-09-02 23:49:21.929158,192.168.1.246,10.0.0.150,TCP,83,38493
2024-09-02 23:49:11.929158,192.168.1.199,10.0.0.36,UDP,551,44923
2024-09-02 23:49:01.929158,192.168.1.96,10.0.0.246,UDP,402,20025
2024-09-02 23:48:51.929158,192.168.1.117,10.0.0.218,TCP,847,44051
2024-09-02 23:48:41.929158,192.168.1.206,10.0.0.89,UDP,1486,41558
2024-09-02 23:48:31.929158,192.168.1.205,10.0.0.68,UDP,634,21731
2024-09-02 23:48:21.929158,192.168.1.190,10.0.0.113,TCP,800,8989
2024-09-02 23:48:11.929158,192.168.1.53,10.0.0.160,UDP,559,30299
2024-09-02 23:48:01.929158,192.168.1.89,10.0.0.125,TCP,268,47568
2024-09-02 23:47:51.929158,192.168.1.161,10.0.0.215,TCP,1389,43534
2024-09-02 23:47:41.929158,192.168.1.131,10.0.0.11,TCP,1412,60661
2024-09-02 23:47:31.929158,192.168.1.223,10.0.0.145,UDP,452,60439
2024-09-02 23:47:21.929158,192.168.1.50,10.0.0.114,TCP,577,12142
2024-09-02 23:47:11.929158,192.168.1.89,10.0.0.119,TCP,1127,35331
2024-09-02 23:47:01.929158,192.168.1.174,10.0.0.115,UDP,735,47598
2024-09-02 23:46:51.929158,192.168.1.61,10.0.0.196,UDP,666,63918
2024-09-02 23:46:41.929158,192.168.1.26,10.0.0.31,UDP,669,59769
2024-09-02 23:46:31.929158,192.168.1.19,10.0.0.77,UDP,59,121
2024-09-02 23:46:21.929158,192.168.1.166,10.0.0.160,UDP,473,1534
2024-09-02 23:46:11.929158,192.168.1.221,10.0.0.23,UDP,1344,16148
2024-09-02 23:46:01.929158,192.168.1.64,10.0.0.185,TCP,1133,22498
2024-09-02 23:45:51.929158,192.168.1.140,10.0.0.248,UDP,516,53222
2024-09-02 23:45:41.929158,192.168.1.130,10.0.0.232,UDP,205,52085
2024-09-02 23:45:31.929158,192.168.1.213,10.0.0.122,TCP,763,33548
2024-09-02 23:45:21.929158,192.168.1.208,10.0.0.28,UDP,988,31380
2024-09-02 23:45:11.929158,192.168.1.90,10.0.0.152,TCP,583,50338
2024-09-02 23:45:01.929158,192.168.1.31,10.0.0.200,UDP,1076,55758
2024-09-02 23:44:51.929158,192.168.1.110,10.0.0.149,TCP,1335,33535
2024-09-02 23:44:41.929158,192.168.1.26,10.0.0.105,UDP,375,23144
2024-09-02 23:44:31.929158,192.168.1.143,10.0.0.226,TCP,1259,16398
2024-09-02 23:44:21.929158,192.168.1.207,10.0.0.53,TCP,1154,2589
2024-09-02 23:44:11.929158,192.168.1.163,10.0.0.178,TCP,1402,19917
2024-09-02 23:44:01.929158,192.168.1.88,10.0.0.176,TCP,214,60389
2024-09-02 23:43:51.929158,192.168.1.21,10.0.0.59,UDP,117,58653
2024-09-02 23:43:41.929158,192.168.1.169,10.0.0.255,UDP,1216,2844
2024-09-02 23:43:31.929158,192.168.1.123,10.0.0.22,TCP,1324,43724
2024-09-02 23:43:21.929158,192.168.1.67,10.0.0.241,UDP,1168,64304
2024-09-02 23:43:11.929158,192.168.1.79,10.0.0.55,UDP,657,55381
2024-09-02 23:43:01.929158,192.168.1.18,10.0.0.138,UDP,559,3386
2024-09-02 23:42:51.929158,192.168.1.204,10.0.0.30,TCP,512,50963
2024-09-02 23:42:41.929158,192.168.1.100,10.0.0.181,UDP,1218,11495
2024-09-02 23:42:31.929158,192.168.1.201,10.0.0.168,UDP,881,54945
2024-09-02 23:42:21.929158,192.168.1.43,10.0.0.188,TCP,1042,47175
2024-09-02 23:42:11.929158,192.168.1.54,10.0.0.15,TCP,1086,47780
2024-09-02 23:42:01.929158,192.168.1.73,10.0.0.66,UDP,1480,35513
2024-09-02 23:41:51.929158,192.168.1.37,10.0.0.78,TCP,357,52050
2024-09-02 23:41:41.929158,192.168.1.242,10.0.0.192,UDP,1400,6892
2024-09-02 23:41:31.929158,192.168.1.34,10.0.0.255,TCP,816,56034
2024-09-02 23:41:21.929158,192.168.1.142,10.0.0.49,UDP,951,58761
2024-09-02 23:41:11.929158,192.168.1.120,10.0.0.225,UDP,928,57399
2024-09-02 23:41:01.929158,192.168.1.234,10.0.0.90,UDP,226,58973
2024-09-02 23:40:51.929158,192.168.1.60,10.0.0.76,TCP,1220,26263
2024-09-02 23:40:41.929158,192.168.1.245,10.0.0.134,TCP,479,62293
2024-09-02 23:40:31.929158,192.168.1.114,10.0.0.118,TCP,1298,5982
2024-09-02 23:40:21.929158,192.168.1.217,10.0.0.62,TCP,570,8827
2024-09-02 23:40:11.929158,192.168.1.1,10.0.0.248,TCP,209,42491
2024-09-02 23:40:01.929158,192.168.1.68,10.0.0.240,UDP,1367,42608
2024-09-02 23:39:51.929158,192.168.1.89,10.0.0.105,UDP,848,60620
2024-09-02 23:39:41.929158,192.168.1.195,10.0.0.60,UDP,90,26005
2024-09-02 23:39:31.929158,192.168.1.251,10.0.0.57,UDP,493,7419
2024-09-02 23:39:21.929158,192.168.1.77,10.0.0.3,UDP,431,54194
2024-09-02 23:39:11.929158,192.168.1.56,10.0.0.80,UDP,195,46901
2024-09-02 23:39:01.929158,192.168.1.160,10.0.0.195,TCP,346,30097
2024-09-02 23:38:51.929158,192.168.1.49,10.0.0.90,UDP,453,63677
2024-09-02 23:38:41.929158,192.168.1.153,10.0.0.232,TCP,712,23408
2024-09-02 23:38:31.929158,192.168.1.177,10.0.0.159,UDP,1483,1242
2024-09-02 23:38:21.929158,192.168.1.232,10.0.0.157,UDP,628,36371
2024-09-02 23:38:11.929158,192.168.1.110,10.0.0.95,TCP,113,29068
2024-09-02 23:38:01.929158,192.168.1.156,10.0.0.159,TCP,470,41817
2024-09-02 23:37:51.929158,192.168.1.48,10.0.0.35,TCP,724,53215
2024-09-02 23:37:41.929158,192.168.1.7,10.0.0.93,TCP,365,13688
2024-09-02 23:37:31.929158,192.168.1.97,10.0.0.118,TCP,293,26260
2024-09-02 23:37:21.929158,192.168.1.208,10.0.0.58,UDP,1197,33683
2024-09-02 23:37:11.929158,192.168.1.44,10.0.0.126,TCP,1224,56662
2024-09-02 23:37:01.929158,192.168.1.3,10.0.0.145,UDP,706,36926
2024-09-02 23:36:51.929158,192.168.1.123,10.0.0.202,TCP,695,17146
2024-09-02 23:36:41.929158,192.168.1.163,10.0.0.197,UDP,359,11474
2024-09-02 23:36:31.929158,192.168.1.136,10.0.0.3,UDP,286,32933
2024-09-02 23:36:21.929158,192.168.1.149,10.0.0.14,TCP,1219,18442
2024-09-02 23:36:11.929158,192.168.1.252,10.0.0.123,TCP,316,63538
2024-09-02 23:36:01.929158,192.168.1.215,10.0.0.142,TCP,1044,55570
2024-09-02 23:35:51.929158,192.168.1.111,10.0.0.112,UDP,426,2640
2024-09-02 23:35:41.929158,192.168.1.2,10.0.0.149,UDP,1400,14393
2024-09-02 23:35:31.929158,192.168.1.79,10.0.0.184,UDP,185,8518
2024-09-02 23:35:21.929158,192.168.1.96,10.0.0.204,TCP,421,59447
2024-09-02 23:35:11.929158,192.168.1.33,10.0.0.118,UDP,1035,32919
2024-09-02 23:35:01.929158,192.168.1.67,10.0.0.20,UDP,67,22952
2024-09-02 23:34:51.929158,192.168.1.144,10.0.0.93,UDP,276,19587
2024-09-02 23:34:41.929158,192.168.1.22,10.0.0.16,UDP,1269,45171
2024-09-02 23:34:31.929158,192.168.1.4,10.0.0.35,UDP,1039,21033
2024-09-02 23:34:21.929158,192.168.1.245,10.0.0.177,UDP,1010,31233
2024-09-02 23:34:11.929158,192.168.1.5,10.0.0.68,TCP,831,17430
2024-09-02 23:34:01.929158,192.168.1.132,10.0.0.98,TCP,552,4422
2024-09-02 23:33:51.929158,192.168.1.62,10.0.0.128,UDP,182,8396
2024-09-02 23:33:41.929158,192.168.1.58,10.0.0.122,UDP,1274,45292
2024-09-02 23:33:31.929158,192.168.1.46,10.0.0.180,UDP,329,30321
2024-09-02 23:33:21.929158,192.168.1.15,10.0.0.116,UDP,91,47788
2024-09-02 23:33:11.929158,192.168.1.112,10.0.0.57,UDP,527,53543
2024-09-02 23:33:01.929158,192.168.1.210,10.0.0.237,UDP,788,31167
2024-09-02 23:32:51.929158,192.168.1.38,10.0.0.6,TCP,1146,55401
2024-09-02 23:32:41.929158,192.168.1.202,10.0.0.76,UDP,137,57915
2024-09-02 23:32:31.929158,192.168.1.23,10.0.0.134,UDP,581,62137
2024-09-02 23:32:21.929158,192.168.1.61,10.0.0.25,UDP,792,7922
2024-09-02 23:32:11.929158,192.168.1.141,10.0.0.86,UDP,972,23776
2024-09-02 23:32:01.929158,192.168.1.28,10.0.0.195,TCP,755,54166
2024-09-02 23:31:51.929158,192.168.1.73,10.0.0.66,UDP,261,36422
2024-09-02 23:31:41.929158,192.168.1.109,10.0.0.170,TCP,45,24675
2024-09-02 23:31:31.929158,192.168.1.114,10.0.0.103,TCP,907,58266
2024-09-02 23:31:21.929158,192.168.1.99,10.0.0.156,UDP,987,55722
2024-09-02 23:31:11.929158,192.168.1.139,10.0.0.229,TCP,1198,56004
2024-09-02 23:31:01.929158,192.168.1.216,10.0.0.4,TCP,996,9916
2024-09-02 23:30:51.929158,192.168.1.6,10.0.0.124,UDP,655,63027
2024-09-02 23:30:41.929158,192.168.1.138,10.0.0.243,TCP,331,27106
2024-09-02 23:30:31.929158,192.168.1.244,10.0.0.69,UDP,807,51145
2024-09-02 23:30:21.929158,192.168.1.98,10.0.0.25,UDP,1053,60780
2024-09-02 23:30:11.929158,192.168.1.177,10.0.0.210,TCP,1175,57803
2024-09-02 23:30:01.929158,192.168.1.245,10.0.0.108,UDP,952,54777
2024-09-02 23:29:51.929158,192.168.1.187,10.0.0.224,UDP,1320,59637
2024-09-02 23:29:41.929158,192.168.1.75,10.0.0.26,UDP,1470,15234
2024-09-02 23:29:31.929158,192.168.1.103,10.0.0.183,UDP,101,18014
2024-09-02 23:29:21.929158,192.168.1.189,10.0.0.141,TCP,564,51374
2024-09-02 23:29:11.929158,192.168.1.148,10.0.0.81,UDP,362,36543
2024-09-02 23:29:01.929158,192.168.1.55,10.0.0.192,UDP,972,46058
2024-09-02 23:28:51.929158,192.168.1.237,10.0.0.32,UDP,1200,58147
2024-09-02 23:28:41.929158,192.168.1.248,10.0.0.191,TCP,752,1081
2024-09-02 23:28:31.929158,192.168.1.231,10.0.0.149,UDP,272,59582
2024-09-02 23:28:21.929158,192.168.1.46,10.0.0.36,UDP,698,44236
2024-09-02 23:28:11.929158,192.168.1.193,10.0.0.213,UDP,1078,18213
2024-09-02 23:28:01.929158,192.168.1.39,10.0.0.104,UDP,1069,35309
2024-09-02 23:27:51.929158,192.168.1.159,10.0.0.248,UDP,469,34281
2024-09-02 23:27:41.929158,192.168.1.20,10.0.0.17,UDP,1302,10277
2024-09-02 23:27:31.929158,192.168.1.59,10.0.0.198,TCP,1222,46525
2024-09-02 23:27:21.929158,192.168.1.108,10.0.0.76,TCP,900,164
2024-09-02 23:27:11.929158,192.168.1.237,10.0.0.102,TCP,334,29807
2024-09-02 23:27:01.929158,192.168.1.133,10.0.0.14,TCP,722,17570
2024-09-02 23:26:51.929158,192.168.1.108,10.0.0.229,UDP,1285,36663
2024-09-02 23:26:41.929158,192.168.1.9,10.0.0.197,UDP,1263,17179
2024-09-02 23:26:31.929158,192.168.1.32,10.0.0.171,UDP,1038,52430
2024-09-02 23:26:21.929158,192.168.1.138,10.0.0.128,UDP,625,31744
2024-09-02 23:26:11.929158,192.168.1.119,10.0.0.47,TCP,957,47796
2024-09-02 23:26:01.929158,192.168.1.116,10.0.0.178,TCP,1126,33645
2024-09-02 23:25:51.929158,192.168.1.28,10.0.0.31,TCP,832,48887
2024-09-02 23:25:41.929158,192.168.1.58,10.0.0.23,TCP,119,34971
2024-09-02 23:25:31.929158,192.168.1.159,10.0.0.209,UDP,1492,33466
2024-09-02 23:25:21.929158,192.168.1.73,10.0.0.229,TCP,1475,56392
2024-09-02 23:25:11.929158,192.168.1.157,10.0.0.179,TCP,1206,1464
2024-09-02 23:25:01.929158,192.168.1.75,10.0.0.57,UDP,1303,61319
2024-09-02 23:24:51.929158,192.168.1.140,10.0.0.138,TCP,426,20787
2024-09-02 23:24:41.929158,192.168.1.154,10.0.0.205,TCP,727,27221
2024-09-02 23:24:31.929158,192.168.1.242,10.0.0.228,UDP,1253,47872
2024-09-02 23:24:21.929158,192.168.1.236,10.0.0.197,TCP,700,25174
2024-09-02 23:24:11.929158,192.168.1.241,10.0.0.84,TCP,1188,37000
2024-09-02 23:24:01.929158,192.168.1.162,10.0.0.239,UDP,575,63192
2024-09-02 23:23:51.929158,192.168.1.168,10.0.0.115,UDP,839,46885
2024-09-02 23:23:41.929158,192.168.1.99,10.0.0.206,TCP,230,6495
2024-09-02 23:23:31.929158,192.168.1.38,10.0.0.229,TCP,1110,5396
2024-09-02 23:23:21.929158,192.168.1.63,10.0.0.105,TCP,1447,11598
2024-09-02 23:23:11.929158,192.168.1.99,10.0.0.197,TCP,652,4060
2024-09-02 23:23:01.929158,192.168.1.151,10.0.0.75,TCP,1433,6244
2024-09-02 23:22:51.929158,192.168.1.141,10.0.0.11,UDP,1254,40638
2024-09-02 23:22:41.929158,192.168.1.254,10.0.0.214,UDP,425,30720
2024-09-02 23:22:31.929158,192.168.1.105,10.0.0.229,UDP,204,24279
2024-09-02 23:22:21.929158,192.168.1.237,10.0.0.169,TCP,1432,28735
2024-09-02 23:22:11.929158,192.168.1.120,10.0.0.181,UDP,1404,11830
2024-09-02 23:22:01.929158,192.168.1.86,10.0.0.125,TCP,1095,18687
2024-09-02 23:21:51.929158,192.168.1.51,10.0.0.168,TCP,329,17198
2024-09-02 23:21:41.929158,192.168.1.234,10.0.0.236,TCP,736,29132
2024-09-02 23:21:31.929158,192.168.1.13,10.0.0.21,TCP,238,10682
2024-09-02 23:21:21.929158,192.168.1.247,10.0.0.71,TCP,1003,52956
2024-09-02 23:21:11.929158,192.168.1.225,10.0.0.205,TCP,1270,11743
2024-09-02 23:21:01.929158,192.168.1.53,10.0.0.214,TCP,1137,63072
2024-09-02 23:20:51.929158,192.168.1.104,10.0.0.88,UDP,1309,31450
2024-09-02 23:20:41.929158,192.168.1.45,10.0.0.31,UDP,1104,869
2024-09-02 23:20:31.929158,192.168.1.126,10.0.0.242,UDP,1097,45865
2024-09-02 23:20:21.929158,192.168.1.106,10.0.0.221,UDP,773,42099
2024-09-02 23:20:11.929158,192.168.1.234,10.0.0.24,UDP,414,28133
2024-09-02 23:20:01.929158,192.168.1.230,10.0.0.188,TCP,223,8801
2024-09-02 23:19:51.929158,192.168.1.40,10.0.0.143,UDP,124,64057
2024-09-02 23:19:41.929158,192.168.1.112,10.0.0.226,TCP,825,61904
2024-09-02 23:19:31.929158,192.168.1.67,10.0.0.221,UDP,758,1702
2024-09-02 23:19:21.929158,192.168.1.117,10.0.0.40,UDP,757,18888
2024-09-02 23:19:11.929158,192.168.1.237,10.0.0.39,TCP,1294,35275
2024-09-02 23:19:01.929158,192.168.1.75,10.0.0.163,TCP,382,50202
2024-09-02 23:18:51.929158,192.168.1.61,10.0.0.89,UDP,1404,10080
2024-09-02 23:18:41.929158,192.168.1.184,10.0.0.130,TCP,487,18858
2024-09-02 23:18:31.929158,192.168.1.177,10.0.0.236,UDP,951,47493
2024-09-02 23:18:21.929158,192.168.1.64,10.0.0.163,TCP,342,59504
2024-09-02 23:18:11.929158,192.168.1.23,10.0.0.124,TCP,229,13095
2024-09-02 23:18:01.929158,192.168.1.224,10.0.0.172,TCP,1273,27257
2024-09-02 23:17:51.929158,192.168.1.245,10.0.0.151,UDP,211,15727
2024-09-02 23:17:41.929158,192.168.1.75,10.0.0.252,UDP,345,18350
2024-09-02 23:17:31.929158,192.168.1.184,10.0.0.24,UDP,404,40432
2024-09-02 23:17:21.929158,192.168.1.25,10.0.0.197,TCP,310,21701
2024-09-02 23:17:11.929158,192.168.1.90,10.0.0.12,UDP,693,27511
2024-09-02 23:17:01.929158,192.168.1.164,10.0.0.108,UDP,1392,5718
2024-09-02 23:16:51.929158,192.168.1.222,10.0.0.82,UDP,1490,30402
2024-09-02 23:16:41.929158,192.168.1.143,10.0.0.182,TCP,240,56827
2024-09-02 23:16:31.929158,192.168.1.75,10.0.0.24,TCP,1263,32940
2024-09-02 23:16:21.929158,192.168.1.95,10.0.0.11,UDP,589,41199
2024-09-02 23:16:11.929158,192.168.1.223,10.0.0.241,TCP,1465,17235
2024-09-02 23:16:01.929158,192.168.1.68,10.0.0.130,UDP,689,61027
2024-09-02 23:15:51.929158,192.168.1.90,10.0.0.201,TCP,436,38814
2024-09-02 23:15:41.929158,192.168.1.94,10.0.0.122,TCP,444,14195
2024-09-02 23:15:31.929158,192.168.1.78,10.0.0.131,TCP,522,15181
2024-09-02 23:15:21.929158,192.168.1.103,10.0.0.75,TCP,1134,20830
2024-09-02 23:15:11.929158,192.168.1.202,10.0.0.42,TCP,1083,13176
2024-09-02 23:15:01.929158,192.168.1.92,10.0.0.127,TCP,602,16772
2024-09-02 23:14:51.929158,192.168.1.224,10.0.0.44,UDP,456,44583
2024-09-02 23:14:41.929158,192.168.1.39,10.0.0.33,UDP,827,4832
2024-09-02 23:14:31.929158,192.168.1.138,10.0.0.32,TCP,1311,7923
2024-09-02 23:14:21.929158,192.168.1.61,10.0.0.173,TCP,823,60060
2024-09-02 23:14:11.929158,192.168.1.213,10.0.0.46,UDP,346,45988
2024-09-02 23:14:01.929158,192.168.1.106,10.0.0.33,TCP,169,58068
2024-09-02 23:13:51.929158,192.168.1.161,10.0.0.220,TCP,449,61767
2024-09-02 23:13:41.929158,192.168.1.111,10.0.0.136,TCP,1351,17076
2024-09-02 23:13:31.929158,192.168.1.60,10.0.0.124,UDP,1443,4432
2024-09-02 23:13:21.929158,192.168.1.93,10.0.0.107,UDP,256,22204
2024-09-02 23:13:11.929158,192.168.1.61,10.0.0.32,UDP,219,62161
2024-09-02 23:13:01.929158,192.168.1.211,10.0.0.95,UDP,827,28999
2024-09-02 23:12:51.929158,192.168.1.203,10.0.0.180,UDP,1226,35989
2024-09-02 23:12:41.929158,192.168.1.171,10.0.0.96,TCP,404,6009
2024-09-02 23:12:31.929158,192.168.1.24,10.0.0.190,UDP,919,11549
2024-09-02 23:12:21.929158,192.168.1.155,10.0.0.77,TCP,959,24781
2024-09-02 23:12:11.929158,192.168.1.112,10.0.0.216,UDP,1011,48069
2024-09-02 23:12:01.929158,192.168.1.120,10.0.0.216,UDP,217,64531
2024-09-02 23:11:51.929158,192.168.1.33,10.0.0.208,UDP,428,43875
2024-09-02 23:11:41.929158,192.168.1.1,10.0.0.37,TCP,1408,59897
2024-09-02 23:11:31.929158,192.168.1.28,10.0.0.220,UDP,1155,65196
2024-09-02 23:11:21.929158,192.168.1.129,10.0.0.128,UDP,809,45820
2024-09-02 23:11:11.929158,192.168.1.224,10.0.0.166,TCP,1172,44370
2024-09-02 23:11:01.929158,192.168.1.241,10.0.0.174,UDP,1427,47213
2024-09-02 23:10:51.929158,192.168.1.66,10.0.0.38,TCP,602,52411
2024-09-02 23:10:41.929158,192.168.1.247,10.0.0.118,TCP,477,2951
2024-09-02 23:10:31.929158,192.168.1.146,10.0.0.186,UDP,367,31681
2024-09-02 23:10:21.929158,192.168.1.147,10.0.0.78,UDP,1350,61859
2024-09-02 23:10:11.929158,192.168.1.86,10.0.0.170,TCP,1249,106
2024-09-02 23:10:01.929158,192.168.1.83,10.0.0.2,UDP,862,9844
2024-09-02 23:09:51.929158,192.168.1.98,10.0.0.159,UDP,179,15195
2024-09-02 23:09:41.929158,192.168.1.252,10.0.0.68,TCP,265,64432
2024-09-02 23:09:31.929158,192.168.1.246,10.0.0.189,TCP,578,8750
2024-09-02 23:09:21.929158,192.168.1.239,10.0.0.236,TCP,1384,62429
2024-09-02 23:09:11.929158,192.168.1.97,10.0.0.30,TCP,898,3148
2024-09-02 23:09:01.929158,192.168.1.47,10.0.0.20,TCP,956,64004
2024-09-02 23:08:51.929158,192.168.1.104,10.0.0.155,UDP,1415,19866
2024-09-02 23:08:41.929158,192.168.1.221,10.0.0.43,UDP,166,52101
2024-09-02 23:08:31.929158,192.168.1.14,10.0.0.150,TCP,99,2516
2024-09-02 23:08:21.929158,192.168.1.18,10.0.0.20,TCP,208,10159
2024-09-02 23:08:11.929158,192.168.1.188,10.0.0.243,UDP,794,64961
2024-09-02 23:08:01.929158,192.168.1.163,10.0.0.189,TCP,1119,57785
2024-09-02 23:07:51.929158,192.168.1.176,10.0.0.65,TCP,335,20157
2024-09-02 23:07:41.929158,192.168.1.96,10.0.0.97,TCP,235,13765
2024-09-02 23:07:31.929158,192.168.1.245,10.0.0.39,UDP,180,20155
2024-09-02 23:07:21.929158,192.168.1.221,10.0.0.53,TCP,422,53052
2024-09-02 23:07:11.929158,192.168.1.144,10.0.0.93,TCP,208,33197
2024-09-02 23:07:01.929158,192.168.1.42,10.0.0.252,TCP,950,42958
2024-09-02 23:06:51.929158,192.168.1.141,10.0.0.218,TCP,984,48313
2024-09-02 23:06:41.929158,192.168.1.89,10.0.0.189,TCP,801,26732
2024-09-02 23:06:31.929158,192.168.1.178,10.0.0.35,UDP,381,6764
2024-09-02 23:06:21.929158,192.168.1.196,10.0.0.160,UDP,910,61421
2024-09-02 23:06:11.929158,192.168.1.133,10.0.0.57,UDP,1062,48460
2024-09-02 23:06:01.929158,192.168.1.82,10.0.0.26,TCP,706,22002
2024-09-02 23:05:51.929158,192.168.1.39,10.0.0.32,TCP,329,8935
2024-09-02 23:05:41.929158,192.168.1.171,10.0.0.69,UDP,814,48709
2024-09-02 23:05:31.929158,192.168.1.111,10.0.0.27,TCP,953,14127
2024-09-02 23:05:21.929158,192.168.1.89,10.0.0.235,TCP,1239,39820
2024-09-02 23:05:11.929158,192.168.1.121,10.0.0.192,UDP,1445,37773
2024-09-02 23:05:01.929158,192.168.1.109,10.0.0.186,TCP,350,47874
2024-09-02 23:04:51.929158,192.168.1.228,10.0.0.200,UDP,145,6647
2024-09-02 23:04:41.929158,192.168.1.29,10.0.0.134,UDP,516,34291
2024-09-02 23:04:31.929158,192.168.1.115,10.0.0.46,UDP,131,11373
2024-09-02 23:04:21.929158,192.168.1.95,10.0.0.52,TCP,1151,288
2024-09-02 23:04:11.929158,192.168.1.136,10.0.0.221,UDP,1403,60833
2024-09-02 23:04:01.929158,192.168.1.37,10.0.0.68,TCP,40,46800
2024-09-02 23:03:51.929158,192.168.1.79,10.0.0.24,UDP,376,25132
2024-09-02 23:03:41.929158,192.168.1.192,10.0.0.82,TCP,754,1882
2024-09-02 23:03:31.929158,192.168.1.125,10.0.0.175,TCP,1498,12911
2024-09-02 23:03:21.929158,192.168.1.170,10.0.0.74,TCP,1353,54872
2024-09-02 23:03:11.929158,192.168.1.221,10.0.0.132,TCP,446,58616
2024-09-02 23:03:01.929158,192.168.1.100,10.0.0.230,UDP,222,50057
2024-09-02 23:02:51.929158,192.168.1.171,10.0.0.70,TCP,1198,42721
2024-09-02 23:02:41.929158,192.168.1.242,10.0.0.204,UDP,1083,9878
2024-09-02 23:02:31.929158,192.168.1.234,10.0.0.40,UDP,509,37331
2024-09-02 23:02:21.929158,192.168.1.81,10.0.0.149,TCP,1136,22070
2024-09-02 23:02:11.929158,192.168.1.240,10.0.0.141,TCP,614,3409
2024-09-02 23:02:01.929158,192.168.1.136,10.0.0.26,TCP,42,32115
2024-09-02 23:01:51.929158,192.168.1.133,10.0.0.9,UDP,154,31879
2024-09-02 23:01:41.929158,192.168.1.4,10.0.0.180,TCP,1083,34510
2024-09-02 23:01:31.929158,192.168.1.187,10.0.0.27,UDP,1378,48160
2024-09-02 23:01:21.929158,192.168.1.91,10.0.0.186,TCP,437,39266
2024-09-02 23:01:11.929158,192.168.1.29,10.0.0.108,UDP,1156,55124
2024-09-02 23:01:01.929158,192.168.1.142,10.0.0.135,UDP,1129,57552
2024-09-02 23:00:51.929158,192.168.1.37,10.0.0.71,TCP,1310,40775
2024-09-02 23:00:41.929158,192.168.1.230,10.0.0.103,UDP,1066,29545
2024-09-02 23:00:31.929158,192.168.1.48,10.0.0.10,TCP,847,64994
2024-09-02 23:00:21.929158,192.168.1.147,10.0.0.57,TCP,49,20797
2024-09-02 23:00:11.929158,192.168.1.50,10.0.0.112,TCP,1065,46539
2024-09-02 23:00:01.929158,192.168.1.135,10.0.0.16,TCP,1407,29649
2024-09-02 22:59:51.929158,192.168.1.45,10.0.0.134,TCP,1250,15371
2024-09-02 22:59:41.929158,192.168.1.73,10.0.0.162,UDP,1036,21510
2024-09-02 22:59:31.929158,192.168.1.86,10.0.0.209,TCP,230,45520
2024-09-02 22:59:21.929158,192.168.1.31,10.0.0.196,TCP,1413,63501
2024-09-02 22:59:11.929158,192.168.1.84,10.0.0.122,TCP,274,48032
2024-09-02 22:59:01.929158,192.168.1.157,10.0.0.247,UDP,470,31057
2024-09-02 22:58:51.929158,192.168.1.213,10.0.0.223,TCP,782,58531
2024-09-02 22:58:41.929158,192.168.1.44,10.0.0.37,UDP,412,61411
2024-09-02 22:58:31.929158,192.168.1.129,10.0.0.235,TCP,1416,23331
2024-09-02 22:58:21.929158,192.168.1.77,10.0.0.30,UDP,354,5809
2024-09-02 22:58:11.929158,192.168.1.146,10.0.0.150,UDP,393,38234
2024-09-02 22:58:01.929158,192.168.1.196,10.0.0.219,TCP,328,10777
2024-09-02 22:57:51.929158,192.168.1.204,10.0.0.138,UDP,1376,2952
2024-09-02 22:57:41.929158,192.168.1.208,10.0.0.220,TCP,1078,23844
2024-09-02 22:57:31.929158,192.168.1.106,10.0.0.191,TCP,238,63421
2024-09-02 22:57:21.929158,192.168.1.255,10.0.0.103,UDP,1070,43859
2024-09-02 22:57:11.929158,192.168.1.82,10.0.0.13,UDP,947,44153
2024-09-02 22:57:01.929158,192.168.1.89,10.0.0.204,TCP,677,49871
2024-09-02 22:56:51.929158,192.168.1.138,10.0.0.69,UDP,652,43350
2024-09-02 22:56:41.929158,192.168.1.177,10.0.0.47,UDP,198,32553
2024-09-02 22:56:31.929158,192.168.1.208,10.0.0.253,UDP,265,58216
2024-09-02 22:56:21.929158,192.168.1.77,10.0.0.63,UDP,1332,61103
2024-09-02 22:56:11.929158,192.168.1.41,10.0.0.72,TCP,402,26175
2024-09-02 22:56:01.929158,192.168.1.180,10.0.0.33,UDP,364,17712
2024-09-02 22:55:51.929158,192.168.1.82,10.0.0.63,TCP,679,62998
2024-09-02 22:55:41.929158,192.168.1.191,10.0.0.46,UDP,1453,19424
2024-09-02 22:55:31.929158,192.168.1.134,10.0.0.119,TCP,45,34892
2024-09-02 22:55:21.929158,192.168.1.132,10.0.0.104,TCP,1119,23336
2024-09-02 22:55:11.929158,192.168.1.78,10.0.0.148,TCP,75,17949
2024-09-02 22:55:01.929158,192.168.1.176,10.0.0.144,UDP,1411,26028
2024-09-02 22:54:51.929158,192.168.1.89,10.0.0.111,UDP,901,48730
2024-09-02 22:54:41.929158,192.168.1.254,10.0.0.183,UDP,119,60482
2024-09-02 22:54:31.929158,192.168.1.164,10.0.0.57,UDP,672,53136
2024-09-02 22:54:21.929158,192.168.1.130,10.0.0.26,TCP,486,17032
2024-09-02 22:54:11.929158,192.168.1.18,10.0.0.173,TCP,1106,56372
2024-09-02 22:54:01.929158,192.168.1.48,10.0.0.206,UDP,1069,36224
2024-09-02 22:53:51.929158,192.168.1.72,10.0.0.175,TCP,207,11879
2024-09-02 22:53:41.929158,192.168.1.252,10.0.0.6,UDP,1228,8893
2024-09-02 22:53:31.929158,192.168.1.110,10.0.0.244,UDP,1382,53603
2024-09-02 22:53:21.929158,192.168.1.119,10.0.0.228,UDP,153,57004
2024-09-02 22:53:11.929158,192.168.1.114,10.0.0.162,UDP,1113,28435
2024-09-02 22:53:01.929158,192.168.1.178,10.0.0.93,UDP,570,31019
2024-09-02 22:52:51.929158,192.168.1.128,10.0.0.99,UDP,743,57384
2024-09-02 22:52:41.929158,192.168.1.169,10.0.0.12,UDP,1480,63215
2024-09-02 22:52:31.929158,192.168.1.97,10.0.0.230,TCP,881,29846
2024-09-02 22:52:21.929158,192.168.1.131,10.0.0.115,UDP,398,6822
2024-09-02 22:52:11.929158,192.168.1.61,10.0.0.216,UDP,859,21742
2024-09-02 22:52:01.929158,192.168.1.112,10.0.0.146,UDP,232,53676
2024-09-02 22:51:51.929158,192.168.1.87,10.0.0.29,UDP,845,25273
2024-09-02 22:51:41.929158,192.168.1.49,10.0.0.235,UDP,132,5038
2024-09-02 22:51:31.929158,192.168.1.162,10.0.0.159,UDP,486,58240
2024-09-02 22:51:21.929158,192.168.1.221,10.0.0.182,TCP,1314,31736
2024-09-02 22:51:11.929158,192.168.1.255,10.0.0.20,UDP,1394,18396
2024-09-02 22:51:01.929158,192.168.1.235,10.0.0.238,UDP,1394,43852
2024-09-02 22:50:51.929158,192.168.1.39,10.0.0.162,TCP,402,34608
2024-09-02 22:50:41.929158,192.168.1.217,10.0.0.129,TCP,948,23300
2024-09-02 22:50:31.929158,192.168.1.47,10.0.0.62,TCP,958,22305
2024-09-02 22:50:21.929158,192.168.1.193,10.0.0.57,TCP,157,40710
2024-09-02 22:50:11.929158,192.168.1.180,10.0.0.63,TCP,936,28672
2024-09-02 22:50:01.929158,192.168.1.145,10.0.0.230,UDP,1104,33387
2024-09-02 22:49:51.929158,192.168.1.58,10.0.0.96,TCP,1086,29169
2024-09-02 22:49:41.929158,192.168.1.125,10.0.0.44,TCP,1061,1643
2024-09-02 22:49:31.929158,192.168.1.219,10.0.0.136,UDP,1071,52034
2024-09-02 22:49:21.929158,192.168.1.237,10.0.0.221,UDP,836,10788
2024-09-02 22:49:11.929158,192.168.1.160,10.0.0.22,UDP,274,23092
2024-09-02 22:49:01.929158,192.168.1.246,10.0.0.54,UDP,616,62338
2024-09-02 22:48:51.929158,192.168.1.215,10.0.0.16,TCP,740,31714
2024-09-02 22:48:41.929158,192.168.1.240,10.0.0.176,UDP,640,65212
2024-09-02 22:48:31.929158,192.168.1.182,10.0.0.19,TCP,244,58712
2024-09-02 22:48:21.929158,192.168.1.240,10.0.0.49,UDP,1257,57740
2024-09-02 22:48:11.929158,192.168.1.124,10.0.0.230,TCP,569,6389
2024-09-02 22:48:01.929158,192.168.1.110,10.0.0.126,UDP,1480,28499
2024-09-02 22:47:51.929158,192.168.1.13,10.0.0.94,UDP,321,3499
2024-09-02 22:47:41.929158,192.168.1.179,10.0.0.37,UDP,1341,52130
2024-09-02 22:47:31.929158,192.168.1.247,10.0.0.117,TCP,1414,63122
2024-09-02 22:47:21.929158,192.168.1.143,10.0.0.161,TCP,361,6834
2024-09-02 22:47:11.929158,192.168.1.2,10.0.0.65,TCP,365,38117
2024-09-02 22:47:01.929158,192.168.1.212,10.0.0.24,UDP,643,41512
2024-09-02 22:46:51.929158,192.168.1.44,10.0.0.87,UDP,789,38939
2024-09-02 22:46:41.929158,192.168.1.229,10.0.0.141,UDP,324,65407
2024-09-02 22:46:31.929158,192.168.1.177,10.0.0.112,TCP,668,20667
2024-09-02 22:46:21.929158,192.168.1.85,10.0.0.23,UDP,738,28442
2024-09-02 22:46:11.929158,192.168.1.172,10.0.0.232,UDP,453,12003
2024-09-02 22:46:01.929158,192.168.1.131,10.0.0.193,UDP,854,58289
2024-09-02 22:45:51.929158,192.168.1.82,10.0.0.255,UDP,187,36598
2024-09-02 22:45:41.929158,192.168.1.125,10.0.0.64,UDP,1469,54487
2024-09-02 22:45:31.929158,192.168.1.80,10.0.0.6,UDP,380,57955
2024-09-02 22:45:21.929158,192.168.1.58,10.0.0.84,UDP,1006,43983
2024-09-02 22:45:11.929158,192.168.1.194,10.0.0.195,UDP,401,36116
2024-09-02 22:45:01.929158,192.168.1.239,10.0.0.58,UDP,219,55767
2024-09-02 22:44:51.929158,192.168.1.47,10.0.0.78,UDP,1153,43850
2024-09-02 22:44:41.929158,192.168.1.95,10.0.0.115,UDP,281,65077
2024-09-02 22:44:31.929158,192.168.1.99,10.0.0.151,TCP,889,54059
2024-09-02 22:44:21.929158,192.168.1.232,10.0.0.129,TCP,632,10391
2024-09-02 22:44:11.929158,192.168.1.175,10.0.0.31,UDP,392,16910
2024-09-02 22:44:01.929158,192.168.1.32,10.0.0.146,UDP,175,32694
2024-09-02 22:43:51.929158,192.168.1.200,10.0.0.228,TCP,984,64248
2024-09-02 22:43:41.929158,192.168.1.235,10.0.0.166,TCP,877,29519
2024-09-02 22:43:31.929158,192.168.1.241,10.0.0.80,TCP,776,52794
2024-09-02 22:43:21.929158,192.168.1.223,10.0.0.49,TCP,310,38217
2024-09-02 22:43:11.929158,192.168.1.141,10.0.0.223,TCP,1356,31942
2024-09-02 22:43:01.929158,192.168.1.33,10.0.0.42,UDP,1108,59988
2024-09-02 22:42:51.929158,192.168.1.113,10.0.0.120,TCP,277,44037
2024-09-02 22:42:41.929158,192.168.1.197,10.0.0.2,UDP,180,26851
2024-09-02 22:42:31.929158,192.168.1.118,10.0.0.136,TCP,1405,22876
2024-09-02 22:42:21.929158,192.168.1.185,10.0.0.83,UDP,578,13235
2024-09-02 22:42:11.929158,192.168.1.44,10.0.0.253,UDP,614,47699
2024-09-02 22:42:01.929158,192.168.1.182,10.0.0.128,TCP,900,50609
2024-09-02 22:41:51.929158,192.168.1.240,10.0.0.91,TCP,1497,54120
2024-09-02 22:41:41.929158,192.168.1.44,10.0.0.40,UDP,586,24362
2024-09-02 22:41:31.929158,192.168.1.247,10.0.0.226,TCP,992,29808
2024-09-02 22:41:21.929158,192.168.1.217,10.0.0.118,UDP,237,10576
2024-09-02 22:41:11.929158,192.168.1.25,10.0.0.174,UDP,855,58814
2024-09-02 22:41:01.929158,192.168.1.151,10.0.0.225,UDP,829,64790
2024-09-02 22:40:51.929158,192.168.1.14,10.0.0.192,TCP,1493,11010
2024-09-02 22:40:41.929158,192.168.1.168,10.0.0.226,UDP,1465,18287
2024-09-02 22:40:31.929158,192.168.1.58,10.0.0.86,TCP,1493,63869
2024-09-02 22:40:21.929158,192.168.1.79,10.0.0.199,TCP,1344,59434
2024-09-02 22:40:11.929158,192.168.1.25,10.0.0.71,UDP,773,36506
2024-09-02 22:40:01.929158,192.168.1.92,10.0.0.227,TCP,363,54387
2024-09-02 22:39:51.929158,192.168.1.35,10.0.0.172,TCP,1200,43143
2024-09-02 22:39:41.929158,192.168.1.249,10.0.0.69,TCP,75,22322
2024-09-02 22:39:31.929158,192.168.1.14,10.0.0.31,UDP,90,58849
2024-09-02 22:39:21.929158,192.168.1.176,10.0.0.209,TCP,959,24843
2024-09-02 22:39:11.929158,192.168.1.8,10.0.0.24,UDP,1362,39121
2024-09-02 22:39:01.929158,192.168.1.151,10.0.0.237,TCP,553,53074
2024-09-02 22:38:51.929158,192.168.1.143,10.0.0.201,TCP,945,2794
2024-09-02 22:38:41.929158,192.168.1.233,10.0.0.48,TCP,501,60021
2024-09-02 22:38:31.929158,192.168.1.231,10.0.0.247,TCP,139,17968
2024-09-02 22:38:21.929158,192.168.1.189,10.0.0.160,TCP,1463,14162
2024-09-02 22:38:11.929158,192.168.1.113,10.0.0.176,UDP,251,41068
2024-09-02 22:38:01.929158,192.168.1.122,10.0.0.23,UDP,1027,15888
2024-09-02 22:37:51.929158,192.168.1.173,10.0.0.81,TCP,1385,54956
2024-09-02 22:37:41.929158,192.168.1.204,10.0.0.32,UDP,1256,4086
2024-09-02 22:37:31.929158,192.168.1.227,10.0.0.192,UDP,78,26995
2024-09-02 22:37:21.929158,192.168.1.69,10.0.0.185,UDP,65,1901
2024-09-02 22:37:11.929158,192.168.1.28,10.0.0.135,TCP,227,19918
2024-09-02 22:37:01.929158,192.168.1.238,10.0.0.59,TCP,404,53516
2024-09-02 22:36:51.929158,192.168.1.104,10.0.0.205,UDP,536,50976
2024-09-02 22:36:41.929158,192.168.1.25,10.0.0.105,TCP,194,16113
2024-09-02 22:36:31.929158,192.168.1.68,10.0.0.96,UDP,64,19379
2024-09-02 22:36:21.929158,192.168.1.117,10.0.0.17,UDP,799,28712
2024-09-02 22:36:11.929158,192.168.1.119,10.0.0.117,UDP,802,42436
2024-09-02 22:36:01.929158,192.168.1.172,10.0.0.208,TCP,586,30552
2024-09-02 22:35:51.929158,192.168.1.153,10.0.0.6,UDP,399,62314
2024-09-02 22:35:41.929158,192.168.1.99,10.0.0.131,TCP,645,56894
2024-09-02 22:35:31.929158,192.168.1.87,10.0.0.110,TCP,216,11126
2024-09-02 22:35:21.929158,192.168.1.102,10.0.0.240,TCP,708,51717
2024-09-02 22:35:11.929158,192.168.1.22,10.0.0.221,UDP,1150,4990
2024-09-02 22:35:01.929158,192.168.1.163,10.0.0.204,UDP,187,60471
2024-09-02 22:34:51.929158,192.168.1.124,10.0.0.188,TCP,315,10141
2024-09-02 22:34:41.929158,192.168.1.150,10.0.0.139,TCP,975,47653
2024-09-02 22:34:31.929158,192.168.1.90,10.0.0.5,TCP,179,43329
2024-09-02 22:34:21.929158,192.168.1.2,10.0.0.28,UDP,1105,36870
2024-09-02 22:34:11.929158,192.168.1.49,10.0.0.97,UDP,1130,61636
2024-09-02 22:34:01.929158,192.168.1.121,10.0.0.213,UDP,856,21454
2024-09-02 22:33:51.929158,192.168.1.236,10.0.0.246,TCP,290,41095
2024-09-02 22:33:41.929158,192.168.1.23,10.0.0.88,UDP,576,52319
2024-09-02 22:33:31.929158,192.168.1.227,10.0.0.142,TCP,275,54840
2024-09-02 22:33:21.929158,192.168.1.155,10.0.0.230,UDP,668,42969
2024-09-02 22:33:11.929158,192.168.1.18,10.0.0.229,TCP,197,49376
2024-09-02 22:33:01.929158,192.168.1.253,10.0.0.71,UDP,968,38039
2024-09-02 22:32:51.929158,192.168.1.36,10.0.0.228,UDP,1122,24332
2024-09-02 22:32:41.929158,192.168.1.253,10.0.0.249,UDP,1392,36421
2024-09-02 22:32:31.929158,192.168.1.13,10.0.0.137,TCP,783,29323
2024-09-02 22:32:21.929158,192.168.1.251,10.0.0.200,TCP,1132,21579
2024-09-02 22:32:11.929158,192.168.1.55,10.0.0.6,UDP,1352,56345
2024-09-02 22:32:01.929158,192.168.1.45,10.0.0.194,UDP,209,637
2024-09-02 22:31:51.929158,192.168.1.29,10.0.0.42,TCP,828,45166
2024-09-02 22:31:41.929158,192.168.1.183,10.0.0.40,UDP,545,3809
2024-09-02 22:31:31.929158,192.168.1.125,10.0.0.52,TCP,1500,48100
2024-09-02 22:31:21.929158,192.168.1.166,10.0.0.200,TCP,1080,1905
2024-09-02 22:31:11.929158,192.168.1.11,10.0.0.19,UDP,621,388
2024-09-02 22:31:01.929158,192.168.1.222,10.0.0.254,UDP,1394,58232
2024-09-02 22:30:51.929158,192.168.1.225,10.0.0.67,UDP,589,52082
2024-09-02 22:30:41.929158,192.168.1.218,10.0.0.190,TCP,393,22324
2024-09-02 22:30:31.929158,192.168.1.64,10.0.0.60,TCP,1076,11606
2024-09-02 22:30:21.929158,192.168.1.30,10.0.0.148,TCP,712,24111
2024-09-02 22:30:11.929158,192.168.1.105,10.0.0.53,TCP,1401,3076
2024-09-02 22:30:01.929158,192.168.1.141,10.0.0.126,TCP,1187,35835
2024-09-02 22:29:51.929158,192.168.1.9,10.0.0.62,UDP,1308,31609
2024-09-02 22:29:41.929158,192.168.1.135,10.0.0.165,TCP,223,31352
2024-09-02 22:29:31.929158,192.168.1.168,10.0.0.7,TCP,1334,45725
2024-09-02 22:29:21.929158,192.168.1.75,10.0.0.227,TCP,622,61994
2024-09-02 22:29:11.929158,192.168.1.205,10.0.0.206,UDP,95,58887
2024-09-02 22:29:01.929158,192.168.1.47,10.0.0.181,UDP,981,49453
2024-09-02 22:28:51.929158,192.168.1.222,10.0.0.207,TCP,1410,6171
2024-09-02 22:28:41.929158,192.168.1.1,10.0.0.75,TCP,1144,46516
2024-09-02 22:28:31.929158,192.168.1.74,10.0.0.126,UDP,720,27490
2024-09-02 22:28:21.929158,192.168.1.201,10.0.0.25,UDP,552,47000
2024-09-02 22:28:11.929158,192.168.1.201,10.0.0.189,TCP,633,55944
2024-09-02 22:28:01.929158,192.168.1.163,10.0.0.21,UDP,702,61676
2024-09-02 22:27:51.929158,192.168.1.73,10.0.0.81,TCP,1395,48990
2024-09-02 22:27:41.929158,192.168.1.69,10.0.0.167,UDP,106,28774
2024-09-02 22:27:31.929158,192.168.1.78,10.0.0.158,UDP,208,35808
2024-09-02 22:27:21.929158,192.168.1.21,10.0.0.158,UDP,1100,4556
2024-09-02 22:27:11.929158,192.168.1.247,10.0.0.175,TCP,1063,25608
2024-09-02 22:27:01.929158,192.168.1.134,10.0.0.86,TCP,94,6288
2024-09-02 22:26:51.929158,192.168.1.80,10.0.0.253,UDP,561,6451
2024-09-02 22:26:41.929158,192.168.1.246,10.0.0.172,UDP,1310,11179
2024-09-02 22:26:31.929158,192.168.1.223,10.0.0.145,TCP,266,63812
2024-09-02 22:26:21.929158,192.168.1.244,10.0.0.3,TCP,978,55018
2024-09-02 22:26:11.929158,192.168.1.201,10.0.0.239,TCP,55,41478
2024-09-02 22:26:01.929158,192.168.1.132,10.0.0.240,UDP,955,65144
2024-09-02 22:25:51.929158,192.168.1.249,10.0.0.85,TCP,704,6816
2024-09-02 22:25:41.929158,192.168.1.249,10.0.0.167,UDP,107,55600
2024-09-02 22:25:31.929158,192.168.1.250,10.0.0.158,UDP,1303,20437
2024-09-02 22:25:21.929158,192.168.1.248,10.0.0.30,TCP,1055,43596
2024-09-02 22:25:11.929158,192.168.1.27,10.0.0.163,TCP,1310,63380
2024-09-02 22:25:01.929158,192.168.1.191,10.0.0.198,TCP,493,17115
2024-09-02 22:24:51.929158,192.168.1.30,10.0.0.64,TCP,1371,41751
2024-09-02 22:24:41.929158,192.168.1.238,10.0.0.164,UDP,560,1112
2024-09-02 22:24:31.929158,192.168.1.145,10.0.0.227,UDP,1371,31710
2024-09-02 22:24:21.929158,192.168.1.50,10.0.0.136,TCP,181,48839
2024-09-02 22:24:11.929158,192.168.1.185,10.0.0.134,TCP,735,53724
2024-09-02 22:24:01.929158,192.168.1.73,10.0.0.51,UDP,922,36413
2024-09-02 22:23:51.929158,192.168.1.251,10.0.0.175,UDP,1309,16171
2024-09-02 22:23:41.929158,192.168.1.30,10.0.0.70,TCP,967,52413
2024-09-02 22:23:31.929158,192.168.1.24,10.0.0.17,UDP,295,10470
2024-09-02 22:23:21.929158,192.168.1.67,10.0.0.97,TCP,688,21007
2024-09-02 22:23:11.929158,192.168.1.66,10.0.0.222,TCP,834,31738
2024-09-02 22:23:01.929158,192.168.1.49,10.0.0.15,UDP,144,34851
2024-09-02 22:22:51.929158,192.168.1.208,10.0.0.93,TCP,1012,44150
2024-09-02 22:22:41.929158,192.168.1.108,10.0.0.202,TCP,1442,14173
2024-09-02 22:22:31.929158,192.168.1.227,10.0.0.65,TCP,1113,65116
2024-09-02 22:22:21.929158,192.168.1.62,10.0.0.223,UDP,450,11958
2024-09-02 22:22:11.929158,192.168.1.203,10.0.0.41,TCP,759,62158
2024-09-02 22:22:01.929158,192.168.1.71,10.0.0.125,UDP,1238,33766
2024-09-02 22:21:51.929158,192.168.1.94,10.0.0.106,TCP,63,32117
2024-09-02 22:21:41.929158,192.168.1.149,10.0.0.99,TCP,1219,24912
2024-09-02 22:21:31.929158,192.168.1.158,10.0.0.76,TCP,708,3810
2024-09-02 22:21:21.929158,192.168.1.214,10.0.0.65,TCP,1498,46700
2024-09-02 22:21:11.929158,192.168.1.131,10.0.0.160,UDP,1283,37796
2024-09-02 22:21:01.929158,192.168.1.112,10.0.0.117,UDP,417,14264
2024-09-02 22:20:51.929158,192.168.1.15,10.0.0.5,TCP,324,23843
2024-09-02 22:20:41.929158,192.168.1.204,10.0.0.93,TCP,630,6655
2024-09-02 22:20:31.929158,192.168.1.236,10.0.0.206,UDP,424,31575
2024-09-02 22:20:21.929158,192.168.1.67,10.0.0.122,UDP,450,24896
2024-09-02 22:20:11.929158,192.168.1.35,10.0.0.9,TCP,566,2968
2024-09-02 22:20:01.929158,192.168.1.19,10.0.0.191,TCP,664,51583
2024-09-02 22:19:51.929158,192.168.1.213,10.0.0.65,UDP,1140,34318
2024-09-02 22:19:41.929158,192.168.1.35,10.0.0.38,UDP,130,14280
2024-09-02 22:19:31.929158,192.168.1.128,10.0.0.25,TCP,329,23260
2024-09-02 22:19:21.929158,192.168.1.240,10.0.0.92,UDP,372,56308
2024-09-02 22:19:11.929158,192.168.1.38,10.0.0.208,TCP,1303,44300
2024-09-02 22:19:01.929158,192.168.1.30,10.0.0.241,UDP,253,48543
2024-09-02 22:18:51.929158,192.168.1.204,10.0.0.138,UDP,306,59110
2024-09-02 22:18:41.929158,192.168.1.23,10.0.0.137,TCP,1166,14495
2024-09-02 22:18:31.929158,192.168.1.180,10.0.0.43,UDP,1453,7044
